docket,usCite
94-1419,516 U.S. 1
95-6016,516 U.S. 10
94-1340,516 U.S. 16
121 ORIG,516 U.S. 22
94-7427,516 U.S. 29
94-967,516 U.S. 59
94-947,516 U.S. 85
94-6615,516 U.S. 99
121 ORIG,516 U.S. 122
94-1530,516 U.S. 124
94-7448,516 U.S. 137
94-7492,516 U.S. 137
94-1592,516 U.S. 152
94-9323,516 U.S. 163
94-8988,516 U.S. 193
94-1387,516 U.S. 199
94-1361,516 U.S. 217
94-1447,516 U.S. 217
94-2003,516 U.S. 233
94-1785,516 U.S. 235
94-1175,516 U.S. 264
94-9088,516 U.S. 284
95-6710,516 U.S. 297
94-1244,516 U.S. 299
94-1239,516 U.S. 325
94-1453,516 U.S. 349
95-7186,516 U.S. 363
35 ORIG,516 U.S. 365
94-1809,516 U.S. 367
95-6,516 U.S. 400
94-1893,516 U.S. 415
94-1900,516 U.S. 415
94-818,516 U.S. 417
94-8729,516 U.S. 442
95-1025,516 U.S. 474
95-83,516 U.S. 479
94-1471,516 U.S. 489
94-1614,517 U.S. 1
94-1631,517 U.S. 1
94-1985,517 U.S. 1
94-1837,517 U.S. 25
94-12,517 U.S. 44
94-203,517 U.S. 186
94-8769,517 U.S. 292
95-354,517 U.S. 308
95-5015,517 U.S. 314
95-7587,517 U.S. 343
95-7588,517 U.S. 343
95-7589,517 U.S. 343
A-828,517 U.S. 345
95-5207,517 U.S. 348
95-26,517 U.S. 370
95-210,517 U.S. 392
94-9247,517 U.S. 416
95-157,517 U.S. 456
94-1140,517 U.S. 484
95-323,517 U.S. 535
95-340,517 U.S. 544
94-896,517 U.S. 559
94-1039,517 U.S. 620
95-232,517 U.S. 654
95-559,517 U.S. 681
95-5257,517 U.S. 690
95-244,517 U.S. 706
95-860,517 U.S. 735
94-1966,517 U.S. 748
95-668,517 U.S. 781
95-386,517 U.S. 793
95-5841,517 U.S. 806
95-173,517 U.S. 820
95-129,517 U.S. 830
95-591,517 U.S. 843
95-809,517 U.S. 882
94-923,517 U.S. 899
94-924,517 U.S. 899
94-805,517 U.S. 952
94-806,517 U.S. 952
94-988,517 U.S. 952
95-266,518 U.S. 1
95-566,518 U.S. 37
94-1664,518 U.S. 81
94-8842,518 U.S. 81
95-5661,518 U.S. 120
95-1242,518 U.S. 137
95-1612,518 U.S. 149
95-6510,518 U.S. 152
95-365,518 U.S. 187
95-325,518 U.S. 213
95-388,518 U.S. 231
95-345,518 U.S. 267
95-346,518 U.S. 267
95-6465,518 U.S. 322
94-1511,518 U.S. 343
95-719,518 U.S. 415
95-754,518 U.S. 470
95-886,518 U.S. 470
94-1941,518 U.S. 515
94-2107,518 U.S. 515
95-489,518 U.S. 604
95-8836,518 U.S. 651
94-1654,518 U.S. 668
95-191,518 U.S. 712
95-124,518 U.S. 727
95-227,518 U.S. 727
95-865,518 U.S. 839
95-1691,518 U.S. 938
95-1738,518 U.S. 938
95-1521,519 U.S. 1
95-2025,519 U.S. 2
95-1201,519 U.S. 9
95-938,519 U.S. 26
95-891,519 U.S. 33
95-2082,519 U.S. 54
96-5831,519 U.S. 59
95-1263,519 U.S. 61
95-966,519 U.S. 79
95-977,519 U.S. 79
95-853,519 U.S. 102
96-5369,519 U.S. 145
95-1906,519 U.S. 148
,519 U.S. 148
95-6556,519 U.S. 172
95-259,519 U.S. 202
95-779,519 U.S. 202
95-928,519 U.S. 213
95-1723,519 U.S. 233
95-1595,519 U.S. 234
95-1081,519 U.S. 248
95-1232,519 U.S. 278
95-789,519 U.S. 316
95-1376,519 U.S. 337
95-1225,519 U.S. 347
,519 U.S. 347
96-713,519 U.S. 355
95-1065,519 U.S. 357
95-1268,519 U.S. 408
95-1694,519 U.S. 425
95-7452,519 U.S. 433
95-897,519 U.S. 452
95-1181,519 U.S. 465
95-1228,519 U.S. 482
95-1605,520 U.S. 1
95-728,520 U.S. 17
95-974,520 U.S. 43
95-1873,520 U.S. 83
95-1402,520 U.S. 93
95-1598,520 U.S. 143
95-813,520 U.S. 154
95-992,520 U.S. 180
95-1717,520 U.S. 259
95-2031,520 U.S. 273
96-858,520 U.S. 292
96-8005,520 U.S. 303
96-126,520 U.S. 305
95-1441,520 U.S. 329
95-1608,520 U.S. 351
96-5955,520 U.S. 385
95-1100,520 U.S. 397
95-1872,520 U.S. 438
96-203,520 U.S. 461
95-1455,520 U.S. 471
95-1508,520 U.S. 471
96-491,520 U.S. 510
96-5658,520 U.S. 518
95-1621,520 U.S. 548
94-1988,520 U.S. 564
95-1352,520 U.S. 641
96-262,520 U.S. 651
96-667,520 U.S. 670
95-1853,520 U.S. 681
96-243,520 U.S. 725
95-1726,520 U.S. 751
96-542,520 U.S. 781
95-1594,520 U.S. 806
95-1918,520 U.S. 821
96-79,520 U.S. 833
95-1764,520 U.S. 875
96-1033,520 U.S. 893
96-6133,520 U.S. 899
96-292,520 U.S. 911
96-651,520 U.S. 924
96-8796,520 U.S. 937
95-1340,520 U.S. 939
96-454,520 U.S. 953
96-1104,520 U.S. 968
84 ORIG,521 U.S. 1
95-1425,521 U.S. 74
95-1460,521 U.S. 74
96-272,521 U.S. 121
96-6867,521 U.S. 151
96-663,521 U.S. 179
96-552,521 U.S. 203
96-553,521 U.S. 203
94-1474,521 U.S. 261
96-6298,521 U.S. 320
95-1649,521 U.S. 346
95-9075,521 U.S. 346
96-318,521 U.S. 399
96-320,521 U.S. 424
95-1184,521 U.S. 457
95-2074,521 U.S. 507
95-2024,521 U.S. 567
96-270,521 U.S. 591
96-842,521 U.S. 642
96-110,521 U.S. 702
95-1858,521 U.S. 793
96-1671,521 U.S. 811
96-511,521 U.S. 844
95-1478,521 U.S. 898
95-1503,521 U.S. 898
96-987,521 U.S. 979
96-1389,521 U.S. 979
96-1383,521 U.S. 982
97-5370,522 U.S. 1
96-871,522 U.S. 3
96-7185,522 U.S. 23
97-122,522 U.S. 34
96-738,522 U.S. 52
96-670,522 U.S. 67
96-957,522 U.S. 75
96-7901,522 U.S. 87
96-976,522 U.S. 93
96-792,522 U.S. 118
96-188,522 U.S. 136
96-910,522 U.S. 156
96-370,522 U.S. 192
96-1370,522 U.S. 211
96-653,522 U.S. 222
96-1279,522 U.S. 252
96-1395,522 U.S. 262
96-8400,522 U.S. 269
96-1462,522 U.S. 287
96-1581,522 U.S. 329
96-795,522 U.S. 359
96-1579,522 U.S. 398
96-1291,522 U.S. 422
97-663,522 U.S. 442
97-6749,522 U.S. 446
,522 U.S. 446
96-1375,522 U.S. 448
96-1971,522 U.S. 470
96-843,522 U.S. 479
96-847,522 U.S. 479
96-1577,522 U.S. 520
96-7171,523 U.S. 1
96-1482,523 U.S. 26
96-1569,523 U.S. 44
97-115,523 U.S. 57
96-1469,523 U.S. 65
96-568,523 U.S. 75
96-643,523 U.S. 83
96-1470,523 U.S. 135
96-7151,523 U.S. 155
96-8653,523 U.S. 185
97-7300,523 U.S. 206
97-954,523 U.S. 208
96-1923,523 U.S. 213
96-6839,523 U.S. 224
96-1769,523 U.S. 272
97-29,523 U.S. 296
96-1133,523 U.S. 303
96-1768,523 U.S. 340
97-372,523 U.S. 360
97-8214,523 U.S. 371
97-1390,523 U.S. 371
97-8660,523 U.S. 371
125 ORIG,523 U.S. 371
97-147,523 U.S. 382
96-1584,523 U.S. 392
97-5310,523 U.S. 410
96-1060,523 U.S. 420
96-1400,523 U.S. 491
96-8732,523 U.S. 511
96-1613,523 U.S. 517
97-215,523 U.S. 538
96-827,523 U.S. 574
97-501,523 U.S. 613
96-8516,523 U.S. 614
97-300,523 U.S. 637
97-463,523 U.S. 653
96-779,523 U.S. 666
96-1829,523 U.S. 696
97-16,523 U.S. 726
97-391,523 U.S. 740
96-1037,523 U.S. 751
120 ORIG,523 U.S. 767
96-1337,523 U.S. 833
97-428,523 U.S. 866
97-643,524 U.S. 1
96-1590,524 U.S. 11
97-731,524 U.S. 38
97-454,524 U.S. 51
97-689,524 U.S. 74
96-1693,524 U.S. 88
97-174,524 U.S. 103
97-704,524 U.S. 116
96-1654,524 U.S. 125
96-8837,524 U.S. 125
97-1217,524 U.S. 151
96-1578,524 U.S. 156
96-8422,524 U.S. 184
97-634,524 U.S. 206
97-679,524 U.S. 214
96-8986,524 U.S. 236
97-5737,524 U.S. 266
96-1866,524 U.S. 274
97-6270,524 U.S. 308
96-1487,524 U.S. 321
97-581,524 U.S. 357
97-461,524 U.S. 381
97-1192,524 U.S. 399
97-1374,524 U.S. 417
97-42,524 U.S. 498
97-371,524 U.S. 569
97-156,524 U.S. 624
97-873,524 U.S. 666
97-6146,524 U.S. 721
97-569,524 U.S. 742
97-282,524 U.S. 775
97-1056,525 U.S. 33
97-1130,525 U.S. 55
97-889,525 U.S. 70
97-1147,525 U.S. 83
97-7597,525 U.S. 113
97-7213,525 U.S. 120
97-1472,525 U.S. 121
96-1570,525 U.S. 128
98-437,525 U.S. 141
98-6945,525 U.S. 153
97-475,525 U.S. 155
97-930,525 U.S. 182
97-1230,525 U.S. 234
97-53,525 U.S. 249
97-1642,525 U.S. 255
97-1396,525 U.S. 266
97-303,525 U.S. 299
97-1732,525 U.S. 315
98-404,525 U.S. 316
98-564,525 U.S. 316
97-826,525 U.S. 366
97-829,525 U.S. 366
97-831,525 U.S. 366
97-830,525 U.S. 366
97-1075,525 U.S. 366
97-1087,525 U.S. 366
97-1099,525 U.S. 366
97-1141,525 U.S. 366
97-826,525 U.S. 366
97-829,525 U.S. 366
97-1287,525 U.S. 432
97-1489,525 U.S. 449
98-84,525 U.S. 459
97-1252,525 U.S. 471
97-7164,526 U.S. 1
97-9217,526 U.S. 23
97-1536,526 U.S. 32
97-2000,526 U.S. 40
96-1793,526 U.S. 66
97-1184,526 U.S. 86
97-1243,526 U.S. 86
127 ORIG,526 U.S. 111
98-1412,526 U.S. 115
98-7771,526 U.S. 122
98-7782,526 U.S. 122
98-1071,526 U.S. 124
98-7450,526 U.S. 135
97-1709,526 U.S. 137
97-2045,526 U.S. 160
97-1337,526 U.S. 172
97-6203,526 U.S. 227
98-7591,526 U.S. 273
98-7952,526 U.S. 273
98-8073,526 U.S. 273
98-8082,526 U.S. 273
97-1139,526 U.S. 275
97-1802,526 U.S. 286
98-184,526 U.S. 295
97-7541,526 U.S. 314
97-1909,526 U.S. 344
97-1868,526 U.S. 358
97-2044,526 U.S. 380
98-131,526 U.S. 398
97-1754,526 U.S. 415
97-1418,526 U.S. 434
98-6,526 U.S. 473
98-97,526 U.S. 489
98-347,526 U.S. 529
98-85,526 U.S. 541
98-223,526 U.S. 559
98-470,526 U.S. 574
120 ORIG,526 U.S. 589
98-83,526 U.S. 603
97-843,526 U.S. 629
97-1235,526 U.S. 687
97-1625,526 U.S. 756
97-1008,526 U.S. 795
97-1927,526 U.S. 808
98-8486,526 U.S. 811
98-8487,526 U.S. 811
97-8629,526 U.S. 813
97-2048,526 U.S. 838
98-830,526 U.S. 865
97-1985,527 U.S. 1
97-1121,527 U.S. 41
98-5881,527 U.S. 116
98-377,527 U.S. 150
98-387,527 U.S. 173
98-727,527 U.S. 198
98-238,527 U.S. 212
98-369,527 U.S. 229
98-5864,527 U.S. 263
98-231,527 U.S. 308
98-262,527 U.S. 343
97-9361,527 U.S. 373
98-10,527 U.S. 423
98-1062,527 U.S. 465
98-8952,527 U.S. 469
97-1943,527 U.S. 471
97-1992,527 U.S. 516
98-208,527 U.S. 526
98-591,527 U.S. 555
98-536,527 U.S. 581
98-531,527 U.S. 627
98-149,527 U.S. 666
98-436,527 U.S. 706
97-1704,527 U.S. 815
98-9085,527 U.S. 885
98-822,528 U.S. 167
98-9913,528 U.S. 1
98-9933,528 U.S. 3
99-5445,528 U.S. 3
99-5260,528 U.S. 5
99-5316,528 U.S. 9
99-5316,528 U.S. 9
98-8770,528 U.S. 11
99-5440,528 U.S. 16
98-1111,528 U.S. 18
98-942,528 U.S. 23
98-678,528 U.S. 32
98-1101,528 U.S. 49
98-791,528 U.S. 62
98-796,528 U.S. 62
98-1299,528 U.S. 110
98-1036,528 U.S. 119
98-1464,528 U.S. 141
98-7809,528 U.S. 152
99-295,528 U.S. 216
99-5746,528 U.S. 225
99-51,528 U.S. 250
98-1037,528 U.S. 259
98-1255,528 U.S. 304
98-405,528 U.S. 320
98-406,528 U.S. 320
98-963,528 U.S. 377
98-1667,528 U.S. 431
99-161,528 U.S. 440
98-2043,528 U.S. 458
98-1441,528 U.S. 470
98-818,528 U.S. 495
98-896,528 U.S. 549
98-1288,528 U.S. 562
98-1109,529 U.S. 1
98-1696,529 U.S. 53
98-1170,529 U.S. 61
98-1701,529 U.S. 89
98-1706,529 U.S. 89
98-1152,529 U.S. 120
98-1960,529 U.S. 193
99-150,529 U.S. 205
98-1189,529 U.S. 217
99-137,529 U.S. 244
98-1993,529 U.S. 266
98-1161,529 U.S. 277
99-391,529 U.S. 333
98-9349,529 U.S. 334
99-312,529 U.S. 344
98-8384,529 U.S. 362
99-6615,529 U.S. 420
98-2060,529 U.S. 446
99-502,529 U.S. 460
98-6322,529 U.S. 473
98-1480,529 U.S. 494
98-7540,529 U.S. 513
98-1167,529 U.S. 576
99-5,529 U.S. 598
99-29,529 U.S. 598
99-116,529 U.S. 667
99-5153,529 U.S. 694
98-1991,529 U.S. 728
98-9828,529 U.S. 753
98-1828,529 U.S. 765
98-1682,529 U.S. 803
99-5739,529 U.S. 848
98-1811,529 U.S. 861
99-409,530 U.S. 1
99-387,530 U.S. 15
99-166,530 U.S. 27
99-138,530 U.S. 57
98-9537,530 U.S. 103
99-658,530 U.S. 120
99-536,530 U.S. 133
99-7000,530 U.S. 156
98-1949,530 U.S. 211
99-579,530 U.S. 238
99-5716,530 U.S. 255
99-62,530 U.S. 290
99-224,530 U.S. 327
99-582,530 U.S. 327
99-474,530 U.S. 363
8 ORIG,530 U.S. 392
99-5525,530 U.S. 428
99-478,530 U.S. 466
99-401,530 U.S. 567
99-244,530 U.S. 604
99-253,530 U.S. 604
99-699,530 U.S. 640
98-1856,530 U.S. 703
98-1648,530 U.S. 793
99-830,530 U.S. 914
84 ORIG,530 U.S. 1021
8 ORIG,531 U.S. 1
99-1238,531 U.S. 4
99-804,531 U.S. 12
00-132,531 U.S. 28
00-133,531 U.S. 28
99-1030,531 U.S. 32
99-1038,531 U.S. 57
00-836,531 U.S. 70
99-1235,531 U.S. 79
00-949,531 U.S. 98
99-1178,531 U.S. 159
99-8576,531 U.S. 198
99-1295,531 U.S. 206
98-942,531 U.S. 225
99-7504,531 U.S. 230
99-1185,531 U.S. 250
99-1680,531 U.S. 278
99-1953,531 U.S. 287
99-901,531 U.S. 288
99-1792,531 U.S. 316
99-1132,531 U.S. 326
98-1768,531 U.S. 341
99-1240,531 U.S. 356
99-859,531 U.S. 425
99-1331,531 U.S. 438
99-1257,531 U.S. 457
99-1426,531 U.S. 457
99-1551,531 U.S. 497
99-929,531 U.S. 510
99-603,531 U.S. 533
99-960,531 U.S. 533
99-1871,532 U.S. 1
00-1028,532 U.S. 17
99-1571,532 U.S. 23
00-5250,532 U.S. 36
99-9073,532 U.S. 59
99-936,532 U.S. 67
99-1379,532 U.S. 105
99-1529,532 U.S. 141
99-1702,532 U.S. 162
00-152,532 U.S. 189
00-203,532 U.S. 200
99-1613,532 U.S. 223
99-1864,532 U.S. 234
99-1865,532 U.S. 234
00-866,532 U.S. 268
99-1908,532 U.S. 275
99-1408,532 U.S. 318
99-9136,532 U.S. 374
99-1884,532 U.S. 394
00-292,532 U.S. 411
99-2035,532 U.S. 424
99-6218,532 U.S. 451
00-151,532 U.S. 483
00-1210,532 U.S. 504
99-1687,532 U.S. 514
99-1728,532 U.S. 514
99-1978,532 U.S. 557
00-347,532 U.S. 588
99-1848,532 U.S. 598
00-454,532 U.S. 645
00-24,532 U.S. 661
99-1815,532 U.S. 706
99-1964,532 U.S. 731
130 ORIG,532 U.S. 742
00-6374,532 U.S. 757
00-262,532 U.S. 769
00-391,532 U.S. 774
00-6677,532 U.S. 782
00-346,532 U.S. 811
00-157,532 U.S. 822
00-763,532 U.S. 843
105 ORIG,533 U.S. 1
99-8508,533 U.S. 27
99-2071,533 U.S. 53
99-2036,533 U.S. 98
00-492,533 U.S. 146
00-549,533 U.S. 158
00-121,533 U.S. 167
99-1977,533 U.S. 194
99-1434,533 U.S. 218
00-189,533 U.S. 262
00-767,533 U.S. 289
00-1011,533 U.S. 348
99-1994,533 U.S. 353
00-276,533 U.S. 405
00-191,533 U.S. 431
00-201,533 U.S. 483
00-596,533 U.S. 525
00-597,533 U.S. 525
99-2047,533 U.S. 606
00-5961,533 U.S. 656
99-7791,533 U.S. 678
00-38,533 U.S. 678
00-758,534 U.S. 1
00-1045,534 U.S. 19
108 ORIG,534 U.S. 40
00-860,534 U.S. 61
00-507,534 U.S. 84
00-507,534 U.S. 84
00-730,534 U.S. 103
00-1260,534 U.S. 112
99-1996,534 U.S. 124
01-339,534 U.S. 157
00-6567,534 U.S. 161
00-1089,534 U.S. 184
99-1786,534 U.S. 204
00-927,534 U.S. 235
00-9280,534 U.S. 246
00-1519,534 U.S. 266
99-1823,534 U.S. 279
00-1249,534 U.S. 316
00-832,534 U.S. 327
00-843,534 U.S. 327
00-6933,534 U.S. 362
00-957,534 U.S. 407
00-1073,534 U.S. 426
00-1307,534 U.S. 438
00-952,534 U.S. 473
00-1853,534 U.S. 506
00-853,534 U.S. 516
00-1514,534 U.S. 533
00-568,535 U.S. 1
00-568,535 U.S. 1
00-1567,535 U.S. 43
00-973,535 U.S. 55
00-6029,535 U.S. 81
00-1072,535 U.S. 106
00-1770,535 U.S. 125
00-1770,535 U.S. 125
00-1595,535 U.S. 137
00-9285,535 U.S. 162
00-1937,535 U.S. 212
01-584,535 U.S. 228
01-835,535 U.S. 229
00-795,535 U.S. 234
00-1831,535 U.S. 274
00-1167,535 U.S. 302
01-344,535 U.S. 357
00-1250,535 U.S. 391
00-799,535 U.S. 425
00-511,535 U.S. 467
00-555,535 U.S. 467
00-587,535 U.S. 467
00-590,535 U.S. 467
00-602,535 U.S. 467
00-1293,535 U.S. 564
01-298,535 U.S. 613
01-687,535 U.S. 625
00-1531,535 U.S. 635
00-1711,535 U.S. 635
00-1214,535 U.S. 654
01-400,535 U.S. 685
00-1543,535 U.S. 722
15341,535 U.S. 743
01-131,535 U.S. 789
01-147,535 U.S. 813
01-408,535 U.S. 826
01-417,536 U.S. 1
00-1187,536 U.S. 24
00-1406,536 U.S. 73
01-651,536 U.S. 88
00-1614,536 U.S. 101
01-455,536 U.S. 129
01-455,536 U.S. 129
00-1737,536 U.S. 150
01-682,536 U.S. 181
01-631,536 U.S. 194
01-301,536 U.S. 214
01-463,536 U.S. 238
1/1/1385,536 U.S. 266
01-679,536 U.S. 273
00-8452,536 U.S. 304
00-1021,536 U.S. 355
01-394,536 U.S. 403
01-419,536 U.S. 424
01-714,536 U.S. 452
01-518,536 U.S. 516
00-10666,536 U.S. 545
01-488,536 U.S. 584
01-595,536 U.S. 622
2379556,536 U.S. 635
00-1751,536 U.S. 639
00-1777,536 U.S. 639
00-1779,536 U.S. 639
01-309,536 U.S. 730
01-521,536 U.S. 765
01-332,536 U.S. 822
01-339,536 U.S. 856
1/1/1471,536 U.S. 862
01-896,537 U.S. 1
1/1/1765,537 U.S. 3
45688,537 U.S. 12
02-137,537 U.S. 19
01-757,537 U.S. 28
01-270,537 U.S. 36
01-706,537 U.S. 51
01-704,537 U.S. 71
01-800,537 U.S. 79
2626095,537 U.S. 88
1/1/1243,537 U.S. 99
2070926,537 U.S. 101
1/1/1229,537 U.S. 129
01-705,537 U.S. 149
01-715,537 U.S. 149
01-618,537 U.S. 186
1/1/1184,537 U.S. 270
1/1/1120,537 U.S. 280
01-653,537 U.S. 293
01-657,537 U.S. 293
2103068,537 U.S. 322
1/1/1420,537 U.S. 371
1/1/1118,537 U.S. 393
1/1/1119,537 U.S. 393
1/1/1015,537 U.S. 418
1/1/1209,537 U.S. 437
1/1/1382,537 U.S. 437
1/1/1067,537 U.S. 465
1/1/1375,537 U.S. 488
1/1/1500,537 U.S. 522
1/1/1231,538 U.S. 1
1853242,538 U.S. 11
1/1/1127,538 U.S. 63
01-729,538 U.S. 84
1/1/1572,538 U.S. 119
01-963,538 U.S. 135
1/1/1269,538 U.S. 188
1/1/1862,538 U.S. 202
1/1/1325,538 U.S. 216
1/1/1437,538 U.S. 254
1/1/1596,538 U.S. 254
1/1/1418,538 U.S. 314
00-1471,538 U.S. 329
1/1/1107,538 U.S. 343
02-215,538 U.S. 401
1/1/1289,538 U.S. 408
1/1/1435,538 U.S. 440
02-258,538 U.S. 456
01-593,538 U.S. 468
01-594,538 U.S. 468
13911,538 U.S. 488
1/1/1559,538 U.S. 500
1/1/1491,538 U.S. 510
23773,538 U.S. 580
1/1/1806,538 U.S. 600
1363117,538 U.S. 626
02-524,538 U.S. 634
01-188,538 U.S. 644
02-337,538 U.S. 691
02-281,538 U.S. 701
2/1/1212,538 U.S. 715
126 ORIG,538 U.S. 720
1/1/1368,538 U.S. 721
1/1/1444,538 U.S. 760
02-196,538 U.S. 803
02-469,538 U.S. 822
2458844,538 U.S. 835
02-306,539 U.S. 1
02-428,539 U.S. 23
02-299,539 U.S. 39
2/1/1295,539 U.S. 52
01-950,539 U.S. 59
1/1/1018,539 U.S. 59
01-10873,539 U.S. 69
1143241,539 U.S. 69
02-679,539 U.S. 90
02-695,539 U.S. 103
02-271,539 U.S. 111
02-371,539 U.S. 113
32904,539 U.S. 126
02-403,539 U.S. 146
1373344,539 U.S. 166
02-361,539 U.S. 194
02-516,539 U.S. 244
02-241,539 U.S. 306
02-722,539 U.S. 396
02-634,539 U.S. 444
02-182,539 U.S. 461
02-311,539 U.S. 510
02-102,539 U.S. 558
1/1/1757,539 U.S. 607
02-575,539 U.S. 654
2/1/1597,540 U.S. 1
2/1/1369,540 U.S. 12
02-763,540 U.S. 20
02-473,540 U.S. 31
02-749,540 U.S. 44
2/1/1674,540 U.S. 93
2/1/1675,540 U.S. 93
2/1/1676,540 U.S. 93
2/1/1702,540 U.S. 93
2/1/1727,540 U.S. 93
2/1/1733,540 U.S. 93
2/1/1734,540 U.S. 93
2/1/1740,540 U.S. 93
2/1/1747,540 U.S. 93
2/1/1753,540 U.S. 93
2/1/1755,540 U.S. 93
2/1/1756,540 U.S. 93
02-809,540 U.S. 366
1745526,540 U.S. 375
2/1/1196,540 U.S. 389
02-682,540 U.S. 398
2/1/1060,540 U.S. 419
02-628,540 U.S. 431
02-819,540 U.S. 443
02-658,540 U.S. 461
1612942,540 U.S. 519
02-693,540 U.S. 526
03-374,540 U.S. 544
02-811,540 U.S. 551
2/1/1080,540 U.S. 581
2/1/1377,540 U.S. 614
2/1/1348,540 U.S. 644
2331010,540 U.S. 668
2/1/1315,540 U.S. 712
2/1/1290,540 U.S. 736
2615534,540 U.S. 749
02-458,541 U.S. 1
02-964,541 U.S. 27
2741542,541 U.S. 36
2/1/1541,541 U.S. 77
02-626,541 U.S. 95
2/1/1389,541 U.S. 114
2/1/1238,541 U.S. 125
2/1/1386,541 U.S. 125
2/1/1405,541 U.S. 125
2/1/1794,541 U.S. 149
02-954,541 U.S. 157
2/1/1593,541 U.S. 176
03-107,541 U.S. 193
02-857,541 U.S. 232
2/1/1343,541 U.S. 246
2/1/1580,541 U.S. 267
2/1/1205,541 U.S. 369
2/1/1824,541 U.S. 386
2/1/1657,541 U.S. 401
1692959,541 U.S. 428
3/1/1028,541 U.S. 433
2/1/1606,541 U.S. 440
2/1/1016,541 U.S. 465
2/1/1667,541 U.S. 509
2/1/1689,541 U.S. 567
14670,541 U.S. 600
1191116,541 U.S. 615
1795958,541 U.S. 637
2/1/1684,541 U.S. 652
40614,541 U.S. 677
02-891,541 U.S. 739
03-358,541 U.S. 752
2/1/1609,541 U.S. 774
2/1/1624,542 U.S. 1
03-101,542 U.S. 55
03-167,542 U.S. 74
2/1/1809,542 U.S. 88
33297,542 U.S. 129
03-724,542 U.S. 155
1333195,542 U.S. 177
2/1/1845,542 U.S. 200
28914,542 U.S. 200
03-221,542 U.S. 225
02-572,542 U.S. 241
02-10038,542 U.S. 274
2/1/1632,542 U.S. 296
03-526,542 U.S. 348
03-475,542 U.S. 367
2/1/1603,542 U.S. 406
3/1/1027,542 U.S. 426
03-334,542 U.S. 466
03-343,542 U.S. 466
1750303,542 U.S. 507
2/1/1371,542 U.S. 600
2/1/1183,542 U.S. 630
3/1/1200,542 U.S. 649
03-218,542 U.S. 656
03-339,542 U.S. 692
03-339,542 U.S. 692
03-583,543 U.S. 1
2/1/1028,543 U.S. 14
1248855,543 U.S. 37
03-377,543 U.S. 50
3/1/1669,543 U.S. 77
105 ORIG,543 U.S. 86
03-409,543 U.S. 111
03-407,543 U.S. 125
03-710,543 U.S. 146
2/1/1192,543 U.S. 157
03-931,543 U.S. 175
3/1/1261,543 U.S. 194
3/1/1293,543 U.S. 209
3/1/1294,543 U.S. 209
04-104,543 U.S. 220
04-105,543 U.S. 220
03-674,543 U.S. 335
03-878,543 U.S. 371
2019851,543 U.S. 371
03-923,543 U.S. 405
03-892,543 U.S. 426
03-907,543 U.S. 426
2796357,543 U.S. 440
04-394,543 U.S. 447
2468004,543 U.S. 462
03-814,543 U.S. 481
03-636,543 U.S. 499
03-633,543 U.S. 551
2/1/1472,543 U.S. 631
03-853,543 U.S. 631
3/1/1395,544 U.S. 1
2653182,544 U.S. 13
03-184,544 U.S. 40
3/1/1034,544 U.S. 40
03-287,544 U.S. 74
3/1/1423,544 U.S. 93
3/1/1601,544 U.S. 113
3/1/1039,544 U.S. 133
2/1/1672,544 U.S. 167
03-855,544 U.S. 197
3/1/1160,544 U.S. 228
2608622,544 U.S. 269
3/1/1696,544 U.S. 280
2842013,544 U.S. 295
3/1/1407,544 U.S. 320
03-932,544 U.S. 336
03-725,544 U.S. 349
03-750,544 U.S. 385
2820828,544 U.S. 408
03-388,544 U.S. 431
3/1/1116,544 U.S. 460
3/1/1120,544 U.S. 460
3/1/1274,544 U.S. 460
04-163,544 U.S. 528
3/1/1164,544 U.S. 550
3/1/1165,544 U.S. 550
12144,544 U.S. 581
1237899,544 U.S. 622
1469827,544 U.S. 660
04-368,544 U.S. 696
2912139,544 U.S. 709
3/1/1488,544 U.S. 734
3/1/1454,545 U.S. 1
128 ORIG,545 U.S. 75
3/1/1388,545 U.S. 119
1848219,545 U.S. 162
04-637,545 U.S. 175
3/1/1237,545 U.S. 193
04-495,545 U.S. 209
2832516,545 U.S. 231
04-603,545 U.S. 308
04-340,545 U.S. 323
1235342,545 U.S. 353
1299624,545 U.S. 374
04-169,545 U.S. 409
3/1/1230,545 U.S. 429
3/1/1234,545 U.S. 440
04-108,545 U.S. 469
1653910,545 U.S. 524
24197,545 U.S. 546
27484,545 U.S. 546
3/1/1566,545 U.S. 596
03-10198,545 U.S. 605
04-563,545 U.S. 644
3/1/1500,545 U.S. 677
04-278,545 U.S. 748
04-514,545 U.S. 794
3/1/1693,545 U.S. 844
04-480,545 U.S. 913
04-277,545 U.S. 967
04-281,545 U.S. 967
2366863,546 U.S. 1
4/1/1475,546 U.S. 6
4/1/1538,546 U.S. 9
2938467,546 U.S. 12
3/1/1238,546 U.S. 21
3/1/1238,546 U.S. 21
04-759,546 U.S. 43
04-698,546 U.S. 49
04-373,546 U.S. 72
05-101,546 U.S. 74
04-712,546 U.S. 81
04-631,546 U.S. 95
4/1/1140,546 U.S. 132
04-881,546 U.S. 142
4/1/1203,546 U.S. 151
4/1/1236,546 U.S. 151
04-905,546 U.S. 164
04-721,546 U.S. 189
04-980,546 U.S. 212
04-623,546 U.S. 243
4/1/1186,546 U.S. 303
4/1/1144,546 U.S. 320
17623,546 U.S. 333
4/1/1332,546 U.S. 345
04-885,546 U.S. 356
04-597,546 U.S. 394
4/1/1581,546 U.S. 410
128 ORIG,546 U.S. 413
4/1/1084,546 U.S. 418
4/1/1264,546 U.S. 440
4/1/1095,546 U.S. 450
05-379,546 U.S. 454
05-555,546 U.S. 459
04-593,546 U.S. 470
04-848,546 U.S. 481
04-944,546 U.S. 500
04-928,546 U.S. 517
04-805,547 U.S. 1
04-814,547 U.S. 1
4/1/1244,547 U.S. 9
4/1/1352,547 U.S. 9
4/1/1329,547 U.S. 28
4/1/1152,547 U.S. 47
4/1/1371,547 U.S. 71
4/1/1414,547 U.S. 90
4/1/1067,547 U.S. 103
8 ORIG,547 U.S. 150
05-552,547 U.S. 183
2372737,547 U.S. 188
4/1/1618,547 U.S. 189
4/1/1324,547 U.S. 198
4/1/1477,547 U.S. 220
4/1/1495,547 U.S. 250
4/1/1506,547 U.S. 268
4/1/1544,547 U.S. 293
4/1/1327,547 U.S. 319
4/1/1704,547 U.S. 332
4/1/1724,547 U.S. 332
05-260,547 U.S. 356
4/1/1527,547 U.S. 370
05-130,547 U.S. 388
05-502,547 U.S. 398
04-473,547 U.S. 410
04-433,547 U.S. 451
1493233,547 U.S. 489
4/1/1131,547 U.S. 512
05-465,547 U.S. 516
2588200,547 U.S. 518
2516642,547 U.S. 573
4/1/1360,547 U.S. 586
05-409,547 U.S. 633
05-128,547 U.S. 651
05-200,547 U.S. 677
4/1/1034,547 U.S. 715
4/1/1384,547 U.S. 715
1212727,547 U.S. 813
1388408,547 U.S. 813
2857749,547 U.S. 843
1860302,547 U.S. 867
1880755,548 U.S. 1
4/1/1376,548 U.S. 30
05-259,548 U.S. 53
05-416,548 U.S. 81
04-607,548 U.S. 124
05-352,548 U.S. 140
4/1/1170,548 U.S. 163
28975,548 U.S. 212
4/1/1528,548 U.S. 230
4/1/1530,548 U.S. 230
4/1/1697,548 U.S. 230
40680,548 U.S. 291
04-10566,548 U.S. 331
17287,548 U.S. 331
05-204,548 U.S. 399
05-254,548 U.S. 399
05-276,548 U.S. 399
05-439,548 U.S. 399
4/1/1739,548 U.S. 521
05-184,548 U.S. 557
1483736,548 U.S. 735
06-532,549 U.S. 1
06-533,549 U.S. 1
05-493,549 U.S. 7
05-547,549 U.S. 47
2103919,549 U.S. 69
05-785,549 U.S. 70
05-669,549 U.S. 84
05-998,549 U.S. 102
05-608,549 U.S. 118
2672966,549 U.S. 147
05-746,549 U.S. 158
5/1/1629,549 U.S. 183
1882581,549 U.S. 199
1913261,549 U.S. 199
,549 U.S. 199
05-593,549 U.S. 225
1697403,549 U.S. 270
05-381,549 U.S. 312
2526139,549 U.S. 327
5/1/1256,549 U.S. 346
05-996,549 U.S. 365
5/1/1240,549 U.S. 384
05-595,549 U.S. 406
06-102,549 U.S. 422
06-641,549 U.S. 437
5/1/1429,549 U.S. 443
5/1/1272,549 U.S. 457
06-116,549 U.S. 483
5/1/1120,549 U.S. 497
05-848,549 U.S. 561
5/1/1342,550 U.S. 1
05-705,550 U.S. 45
5/1/1508,550 U.S. 81
05-380,550 U.S. 124
5/1/1382,550 U.S. 124
2688307,550 U.S. 192
05-11284,550 U.S. 233
05-11287,550 U.S. 286
05-11304,550 U.S. 297
5/1/1345,550 U.S. 330
5/1/1631,550 U.S. 372
4/1/1350,550 U.S. 398
5/1/1541,550 U.S. 429
5/1/1056,550 U.S. 437
5/1/1575,550 U.S. 465
06-376,550 U.S. 501
06-618,550 U.S. 511
05-983,550 U.S. 516
5/1/1126,550 U.S. 544
06-313,550 U.S. 598
06-605,550 U.S. 609
5/1/1074,550 U.S. 618
06-413,551 U.S. 1
29372,551 U.S. 47
06-100,551 U.S. 47
06-531,551 U.S. 74
1356663,551 U.S. 87
1977210,551 U.S. 89
5/1/1448,551 U.S. 96
1221158,551 U.S. 112
06-562,551 U.S. 128
5/1/1284,551 U.S. 142
06-593,551 U.S. 158
5/1/1589,551 U.S. 177
5/1/1657,551 U.S. 177
06-134,551 U.S. 193
1242707,551 U.S. 205
29706,551 U.S. 224
2270500,551 U.S. 249
5/1/1157,551 U.S. 264
06-427,551 U.S. 291
06-484,551 U.S. 308
1406336,551 U.S. 338
06-278,551 U.S. 393
06-969,551 U.S. 449
06-970,551 U.S. 449
06-219,551 U.S. 537
06-157,551 U.S. 587
06-340,551 U.S. 644
06-549,551 U.S. 644
05-908,551 U.S. 701
05-915,551 U.S. 701
06-480,551 U.S. 877
1644839,551 U.S. 930
06-637,552 U.S. 1
6/1/1680,552 U.S. 3
6/1/1287,552 U.S. 9
1828921,552 U.S. 23
2208043,552 U.S. 38
06-571,552 U.S. 74
1616715,552 U.S. 85
07-110,552 U.S. 117
07-212,552 U.S. 120
6/1/1164,552 U.S. 130
14396,552 U.S. 148
6/1/1286,552 U.S. 181
06-766,552 U.S. 196
2639394,552 U.S. 214
06-856,552 U.S. 248
2326382,552 U.S. 264
06-179,552 U.S. 312
6/1/1463,552 U.S. 346
06-457,552 U.S. 364
6/1/1221,552 U.S. 379
6/1/1322,552 U.S. 389
6/1/1509,552 U.S. 421
6/1/1498,552 U.S. 440
06-713,552 U.S. 442
06-730,552 U.S. 442
06-10119,552 U.S. 472
06-984,552 U.S. 491
06-989,552 U.S. 576
134 ORIG,552 U.S. 597
07-308,553 U.S. 1
6/1/1413,553 U.S. 16
1291314,553 U.S. 35
06-11429,553 U.S. 124
06-11543,553 U.S. 137
6/1/1082,553 U.S. 164
40744,553 U.S. 181
40748,553 U.S. 181
06-11612,553 U.S. 242
07-455,553 U.S. 272
06-694,553 U.S. 285
06-666,553 U.S. 328
6/1/1646,553 U.S. 377
26845,553 U.S. 406
6/1/1431,553 U.S. 442
6/1/1321,553 U.S. 474
6/1/1005,553 U.S. 507
6/1/1456,553 U.S. 550
6/1/1717,553 U.S. 571
07-474,553 U.S. 591
06-937,553 U.S. 617
07-210,553 U.S. 639
07-214,553 U.S. 662
6/1/1666,553 U.S. 674
07-394,553 U.S. 674
2050258,553 U.S. 708
6/1/1195,553 U.S. 723
6/1/1196,553 U.S. 723
6/1/1204,553 U.S. 851
07-371,553 U.S. 880
6/1/1181,554 U.S. 1
07-312,554 U.S. 33
06-939,554 U.S. 60
6/1/1505,554 U.S. 84
06-923,554 U.S. 105
6/1/1037,554 U.S. 135
07-208,554 U.S. 164
07-440,554 U.S. 191
07-330,554 U.S. 237
07-552,554 U.S. 269
07-411,554 U.S. 316
1515574,554 U.S. 353
07-343,554 U.S. 407
07-219,554 U.S. 471
6/1/1457,554 U.S. 527
6/1/1462,554 U.S. 527
07-290,554 U.S. 570
07-320,554 U.S. 724
06-984,554 U.S. 759
1340288,554 U.S. 759
1340653,554 U.S. 759
07-10689,555 U.S. 1
08A332,555 U.S. 5
7/1/1239,555 U.S. 7
7/1/1223,555 U.S. 55
07-544,555 U.S. 57
07-562,555 U.S. 70
1855615,555 U.S. 113
06-11206,555 U.S. 122
07-513,555 U.S. 135
07-901,555 U.S. 160
07-772,555 U.S. 179
07-610,555 U.S. 207
07-751,555 U.S. 223
7/1/1125,555 U.S. 246
1394344,555 U.S. 261
6/1/1595,555 U.S. 271
07-636,555 U.S. 285
7/1/1059,555 U.S. 305
7/1/1078,555 U.S. 305
7/1/1122,555 U.S. 323
07-854,555 U.S. 335
1370969,555 U.S. 350
07-869,555 U.S. 353
07-526,555 U.S. 379
07-608,555 U.S. 415
07-512,555 U.S. 438
07-665,555 U.S. 460
07-463,555 U.S. 488
07-499,555 U.S. 511
6/1/1249,555 U.S. 555
07-689,556 U.S. 1
07-773,556 U.S. 49
30894,556 U.S. 81
"105, Orig.",556 U.S. 98
7/1/1315,556 U.S. 111
2851996,556 U.S. 129
2955359,556 U.S. 148
7/1/1372,556 U.S. 163
7/1/1216,556 U.S. 178
2416992,556 U.S. 180
07-588,556 U.S. 208
07-589,556 U.S. 208
07-597,556 U.S. 208
07-581,556 U.S. 247
7/1/1410,556 U.S. 287
07-10441,556 U.S. 303
07-542,556 U.S. 332
07-615,556 U.S. 366
7/1/1209,556 U.S. 396
08-681,556 U.S. 418
7/1/1114,556 U.S. 449
07-582,556 U.S. 502
1231081,556 U.S. 568
7/1/1356,556 U.S. 586
7/1/1601,556 U.S. 599
7/1/1607,556 U.S. 599
08-146,556 U.S. 624
7/1/1437,556 U.S. 635
08-108,556 U.S. 646
7/1/1015,556 U.S. 662
07-543,556 U.S. 701
07-10374,556 U.S. 729
7/1/1529,556 U.S. 778
08-192,556 U.S. 816
08-598,556 U.S. 825
8/1/1034,556 U.S. 838
7/1/1090,556 U.S. 848
08-539,556 U.S. 848
40776,556 U.S. 868
08-267,556 U.S. 904
08-660,556 U.S. 928
7/1/1309,556 U.S. 938
08A1096,556 U.S. 960
8/1/1513,556 U.S. 960
08A1100,556 U.S. 960
08-310,557 U.S. 1
08-495,557 U.S. 29
40760,557 U.S. 52
23223,557 U.S. 110
08-295,557 U.S. 137
08-307,557 U.S. 137
08-441,557 U.S. 167
08-322,557 U.S. 193
08-305,557 U.S. 230
07-984,557 U.S. 261
07-990,557 U.S. 261
07-591,557 U.S. 305
08-479,557 U.S. 364
08-214,557 U.S. 404
08-289,557 U.S. 433
08-294,557 U.S. 433
08-453,557 U.S. 519
7/1/1428,557 U.S. 557
08-328,557 U.S. 557
08-678,558 U.S. 100
08-351,558 U.S. 87
08-604,558 U.S. 67
08-992,558 U.S. 53
32020,558 U.S. 45
08-10537,558 U.S. 30
8/1/1263,558 U.S. 15
09-144,558 U.S. 4
08-10495,558 U.S. 1
07-11191,559 U.S. 32
08-969,559 U.S. 1
08-205,558 U.S. 310
2648952,558 U.S. 290
"138, Orig.",558 U.S. 256
08-911,558 U.S. 233
1398027,558 U.S. 220
1229651,558 U.S. 209
09A648,558 U.S. 183
08-674,558 U.S. 165
08-724,558 U.S. 139
08-559,558 U.S. 120
08-680,559 U.S. 98
8/1/1107,559 U.S. 77
8/1/1175,559 U.S. 50
09-273,559 U.S. 1088
08-10914,559 U.S. 34
08-240,559 U.S. 175
08-103,559 U.S. 154
1834096,559 U.S. 133
8/1/1234,559 U.S. 131
8/1/1119,559 U.S. 229
8/1/1225,559 U.S. 229
08-728,559 U.S. 196
8/1/1008,559 U.S. 393
08-651,559 U.S. 356
08-586,559 U.S. 335
8/1/1402,559 U.S. 314
08-304,559 U.S. 280
8/1/1134,559 U.S. 260
8/1/1529,559 U.S. 799
09-338,559 U.S. 766
08-472,559 U.S. 700
8/1/1198,559 U.S. 662
08-905,559 U.S. 633
8/1/1200,559 U.S. 573
08-970,559 U.S. 542
08-810,559 U.S. 506
08-769,559 U.S. 460
08-645,560 U.S. 1
2011969,560 U.S. 48
8/1/1224,560 U.S. 126
2088305,560 U.S. 181
08-661,560 U.S. 183
08-974,560 U.S. 205
8/1/1569,560 U.S. 218
09-448,560 U.S. 242
8/1/1341,560 U.S. 258
1591575,560 U.S. 272
2537950,560 U.S. 284
8/1/1555,560 U.S. 305
"132, Orig.",560 U.S. 330
8/1/1470,560 U.S. 370
09-223,560 U.S. 413
8/1/1301,560 U.S. 438
1204449,560 U.S. 474
08-998,560 U.S. 505
09-337,560 U.S. 538
09-940,
20698,560 U.S. 563
8/1/1322,560 U.S. 586
09-367,560 U.S. 605
1250469,560 U.S. 631
8/1/1457,560 U.S. 674
8/1/1151,560 U.S. 702
8/1/1332,560 U.S. 746
08-538,560 U.S. 770
1619729,560 U.S. 817
8/1/1498,561 U.S. 1
31290,561 U.S. 1
09-497,561 U.S. 63
8/1/1553,561 U.S. 89
8/1/1554,561 U.S. 89
09-475,561 U.S. 139
09-559,561 U.S. 186
8/1/1191,561 U.S. 247
8/1/1214,561 U.S. 287
09-158,561 U.S. 320
8/1/1394,561 U.S. 358
08-876,561 U.S. 465
08-861,130 U.S. 3138
08-964,
8/1/1371,
8/1/1521,561 U.S. 742
2538680,561 U.S. 945
8/1/1065,558 U.S. 1103